<?xml version="1.0" encoding="UTF-8" ?>
<module>
    <name>glomo</name>
    <displayName><![CDATA[Glomo]]></displayName>
    <version><![CDATA[1.0.6]]></version>
    <description><![CDATA[Receive payment with Glomo Money]]></description>
    <author><![CDATA[Glomo]]></author>
    <tab><![CDATA[payments_gateways]]></tab>
	<confirmUninstall><![CDATA[Are you sure about removing Glomo Money?]]></confirmUninstall>
    <is_configurable>1</is_configurable>
    <need_instance>1</need_instance>
	<limited_countries></limited_countries>
</module>